{"cameraMode":{"drawMode":0,"name":"Shaded","section":"Shading Mode"},"sceneLighting":true,"audioPlay":false,"sceneViewState":{"m_AlwaysRefresh":false,"showFog":true,"showSkybox":true,"showFlares":true,"showImageEffects":true,"showParticleSystems":true,"showVisualEffectGraphs":true,"m_FxEnabled":true},"in2DMode":false,"pivot":{"x":3.570000171661377,"y":0.8901546001434326,"z":6.833176136016846},"rotation":{"x":0.07105336338281632,"y":0.5526723861694336,"z":-0.04736938700079918,"w":0.8290120959281921},"size":1.2568351030349732,"orthographic":false}