{"cameraMode":{"drawMode":0,"name":"Shaded","section":"Shading Mode"},"sceneLighting":true,"audioPlay":false,"sceneViewState":{"m_AlwaysRefresh":false,"showFog":true,"showSkybox":true,"showFlares":true,"showImageEffects":true,"showParticleSystems":true,"showVisualEffectGraphs":true,"m_FxEnabled":true},"in2DMode":false,"pivot":{"x":5.818278789520264,"y":2.622288703918457,"z":14.94064712524414},"rotation":{"x":0.30387598276138308,"y":-0.03714285418391228,"z":0.011856305412948132,"w":0.9519168138504028},"size":14.964475631713868,"orthographic":false}